Language	Concept	Value	Form	Analysis	Comment	Remark
Badaga	One	ondu	ondu	1		
Badaga	Two	erəɖu	erəɖu	2		
Badaga	Three	mu:ru	mu:ru	3		
Badaga	Four	nɑ:ku	nɑ:ku	4		
Badaga	Five	əidu	əidu	5		
Badaga	Six	ɑ:ru	ɑ:ru	6		
Badaga	Seven	i:ju	i:ju	7		
Badaga	Eight	eʈʈʊ	eʈʈʊ	8		No. of atoms: 8
Badaga	Nine	om-bəttu	om-bəttu	(1-10)	(1-10), disyllabic and formed with the help of AO (subtraction) which has both base and atom 	
Badaga	Ten	ɑttu	ɑttu	10		
Badaga	Eleven	ən-ondu	ən-ondu	10+1		
Badaga	Twelve	ən-erəɖu	ən-erəɖu	10+2		
Badaga	Thirteen	ədi-mu:ru	ədi-mu:ru	10+3		
Badaga	Fourteen	ədi-nɑ:ku	ədi-nɑ:ku	10+4		
Badaga	Fifteen	ədn-əidu	ədn-əidu	10+5		
Badaga	Sixteen	ədn-ɑ:ru	ədn-ɑ:ru	10+6		
Badaga	Seventeen	ədər-i:ju	ədər-i:ju	10+7		
Badaga	Eighteen	ədər-eʈʈu	ədər-eʈʈu	10+8		
Badaga	Nineteen	ət-om-bəttu	ət-om-bəttu	10+(1-10)	-ət' is an allomorph of 10	
Badaga	Twenty	ippətu	ippətu	20		
Badaga	Twenty One	ippətɪ ondu	ippətɪ ondu	20+1		
Badaga	Twenty two	ippətɪ erəɖu	ippətɪ erəɖu	20+2		
Badaga	Twenty three	ippətɪ mu:ru	ippətɪ mu:ru	20+3		
Badaga	Twenty four	ippətɪ nɑ:ku	ippətɪ nɑ:ku	20+4		
Badaga	Twenty five	ippətɪ əidu	ippətɪ əidu	20+5		
Badaga	Twenty six	ippətɪ ɑ:ru	ippətɪ ɑ:ru	20+6		
Badaga	Twenty seven	ippətɪ i:ju	ippətɪ i:ju	20+7		
Badaga	Twenty eight	ippətɪ eʈʈʊ	ippətɪ eʈʈʊ	20+8		
Badaga	Twenty nine	ippətɪ om-bəttu	ippətɪ om-bəttu	20+9		
Badaga	Thirty	mu-ət	mu-ət	3*10		
Badaga	Thirty one	mu-əttɪ ondu	mu-əttɪ ondu	3*10+1		
Badaga	Thirty two	mu-əttɪ erəɖu	mu-əttɪ erəɖu	3*10+2		
Badaga	Thirty three	mu-əttɪ mu:ru	mu-əttɪ mu:ru	3*10+3		
Badaga	Thirty four	mu-əttɪ nɑ:ku	mu-əttɪ nɑ:ku	3*10+4		
Badaga	Thirty five	mu-əttɪ əidu	mu-əttɪ əidu	3*10+5		
Badaga	Thirty six	mu-əttɪ ɑ:ru	mu-əttɪ ɑ:ru	3*10+6		
Badaga	Thirty seven	mu-əttɪ i:ju	mu-əttɪ i:ju	3*10+7		
Badaga	Thirty eight	mu-əttɪ eʈʈʊ	mu-əttɪ eʈʈʊ	3*10+8		
Badaga	Thirty nine	mu-əttɪ om-bəttu	mu-əttɪ om-bəttu	3*10+9		
Badaga	Forty	nələ-ʋət	nələ-ʋət	4*10	-nələ' is an allomorph of 4.	
Badaga	Forty one	nələ-ʋəttɪ ondu	nələ-ʋəttɪ ondu	4*10+1	-ʋəttɪ/-əttɪ' also seems like an allomorph for 10	
Badaga	Forty two	nələ-ʋəttɪ erəɖu	nələ-ʋəttɪ erəɖu	4*10+2		
Badaga	Forty three	nələ-ʋəttɪ mu:ru	nələ-ʋəttɪ mu:ru	4*10+3		
Badaga	Forty four	nələ-ʋəttɪ nɑ:ku	nələ-ʋəttɪ nɑ:ku	4*10+4		
Badaga	Forty five	nələ-ʋəttɪ əidu	nələ-ʋəttɪ əidu	4*10+5		
Badaga	Forty six	nələ-ʋəttɪ ɑ:ru	nələ-ʋəttɪ ɑ:ru	4*10+6		
Badaga	Forty seven	nələ-ʋəttɪ i:ju	nələ-ʋəttɪ i:ju	4*10+7		
Badaga	Forty eight	nəl-əʋəttɪ eʈʈʊ	nəl-əʋəttɪ eʈʈʊ	4*10+8		
Badaga	Forty nine	nələ-ʋəttɪ om-bəttu	nələ-ʋəttɪ om-bəttu	4*10+(1-10)		
Badaga	Fifty	əi-ʋəttu	əi-ʋəttu	5*10		
Badaga	Fifty one	əi-ʋəttɪ ondu	əi-ʋəttɪ ondu	5*10+1		
Badaga	Fifty two	əi-ʋəttɪ erəɖu	əi-ʋəttɪ erəɖu	5*10+2		
Badaga	Fifty three	əi-ʋəttɪ mu:ru	əi-ʋəttɪ mu:ru	5*10+3		
Badaga	Fifty four	əi-ʋəttɪ nɑ:ku	əi-ʋəttɪ nɑ:ku	5*10+4		
Badaga	Fifty five	əi-ʋəttɪ əidu	əi-ʋəttɪ əidu	5*10+5		
Badaga	Fifty six	əi-ʋəttɪ ɑ:ru	əi-ʋəttɪ ɑ:ru	5*10+6		
Badaga	Fifty seven	əi-ʋəttɪ i:ju	əi-ʋəttɪ i:ju	5*10+7		
Badaga	Fifty eight	əi-ʋəttɪ eʈʈʊ	əi-ʋəttɪ eʈʈʊ	5*10+8		
Badaga	Fifty nine	əi-ʋəttɪ om-bəttu	əi-ʋəttɪ om-bəttu	5*10+(1-10)		
Badaga	Sixty	ərɑ-ʋettu	ərɑ-ʋettu	6*10		
Badaga	Sixty one	ərɑ-ʋəttɪ ondu	ərɑ-ʋəttɪ ondu	6*10+1		
Badaga	Sixty two	ərɑ-ʋəttɪ erəɖu	ərɑ-ʋəttɪ erəɖu	6*10+2		
Badaga	Sixty three	ərɑ-ʋəttɪ mu:ru	ərɑ-ʋəttɪ mu:ru	6*10+3		
Badaga	Sixty four	ərɑ-ʋəttɪ nɑ:ku	ərɑ-ʋəttɪ nɑ:ku	6*10+4		
Badaga	Sixty five	ərɑ-ʋəttɪ əidu	ərɑ-ʋəttɪ əidu	6*10+5		
Badaga	Sixty six	ərɑ-ʋəttɪ ɑ:ru	ərɑ-ʋəttɪ ɑ:ru	6*10+6		
Badaga	Sixty seven	ərɑ-ʋəttɪ i:ju	ərɑ-ʋəttɪ i:ju	6*10+7		
Badaga	Sixty eight	ərɑ-ʋəttɪ eʈʈʊ	ərɑ-ʋəttɪ eʈʈʊ	6*10+8		
Badaga	Sixty nine	ərɑ-ʋəttɪ om-bəttu	ərɑ-ʋəttɪ om-bəttu	6*10+(1-10)		
Badaga	Seventy	eɽɑ-ʋəttu	eɽɑ-ʋəttu	7*10	Sound change, ɪ-->u	
Badaga	Seventy one	eɽɑ-ʋəttɪ ondu	eɽɑ-ʋəttɪ ondu	6*10+1	/i:ju/ '7' --> /eɽɑ/ '7' when used as a base of complex numerals	
Badaga	Seventy two	eɽɑ-ʋəttɪ erəɖu	eɽɑ-ʋəttɪ erəɖu	6*10+2		
Badaga	Seventy three	eɽɑ-ʋəttɪ mu:ru	eɽɑ-ʋəttɪ mu:ru	6*10+3		
Badaga	Seventy four	eɽɑ-ʋəttɪ nɑ:ku	eɽɑ-ʋəttɪ nɑ:ku	6*10+4		
Badaga	Seventy five	eɽɑ-ʋəttɪ əidu	eɽɑ-ʋəttɪ əidu	6*10+5		
Badaga	Seventy six	eɽɑ-ʋəttɪ ɑ:ru	eɽɑ-ʋəttɪ ɑ:ru	6*10+6		
Badaga	Seventy seven	eɽɑ-ʋəttɪ i:ju	eɽɑ-ʋəttɪ i:ju	6*10+7		
Badaga	Seventy eight	eɽɑ-ʋəttɪ eʈʈʊ	eɽɑ-ʋəttɪ eʈʈʊ	6*10+8		
Badaga	Seventy nine	eɽɑ-ʋəttɪ om-bəttu	eɽɑ-ʋəttɪ om-bəttu	6*10+(1-10)		
Badaga	Eighty	em-bəttu	em-bəttu	8*10		
Badaga	Eighty one	em-bəttɪ ondu	em-bəttɪ ondu	8*10+1	/ʋ/--> /b/, when preceeded by consonant.	
Badaga	Eighty two	em-bəttɪ erəɖu	em-bəttɪ erəɖu	8*10+2	/eʈʈʊ/ '8' --> /em/ '8' when used as a base of complex numerals	
Badaga	Eighty three	em-bəttɪ mu:ru	em-bəttɪ mu:ru	8*10+3		
Badaga	Eighty four	em-bəttɪ nɑ:ku	em-bəttɪ nɑ:ku	8*10+4		
Badaga	Eighty five	em-bəttɪ əidu	em-bəttɪ əidu	8*10+5		
Badaga	Eighty six	em-bəttɪ ɑ:ru	em-bəttɪ ɑ:ru	8*10+6		
Badaga	Eighty seven	em-bəttɪ i:ju	em-bəttɪ i:ju	8*10+7		
Badaga	Eighty eight	em-bəttɪ eʈʈʊ	em-bəttɪ eʈʈʊ	8*10+8		
Badaga	Eighty nine	em-bəttɪ om-bəttu	em-bəttɪ om-bəttu	8*10+(1-10)		
Badaga	Ninety	tom-bəttu	tom-bəttu	9*10		
Badaga	Ninety one	tom-bəttɪ ondu	tom-bəttɪ ondu	9*10+1	/om-bəttu/ '9' --> /tom/ '9' when used as a base of complex numerals	
Badaga	Ninety two	tom-bəttɪ erəɖu	tom-bəttɪ erəɖu	9*10+2		
Badaga	Ninety three	tom-bəttɪ mu:ru	tom-bəttɪ mu:ru	9*10+3		
Badaga	Ninety four	tom-bəttɪ nɑ:ku	tom-bəttɪ nɑ:ku	9*10+4		
Badaga	Ninety five	tom-bəttɪ əidu	tom-bəttɪ əidu	9*10+5		
Badaga	Ninety six	tom-bəttɪ ɑ:ru	tom-bəttɪ ɑ:ru	9*10+6		
Badaga	Ninety seven	tom-bəttɪ i:ju	tom-bəttɪ i:ju	9*10+7		AO: Add., Mult., Sub.
Badaga	Ninety eight	tom-bəttɪ eʈʈʊ	tom-bəttɪ eʈʈʊ	9*10+8		Order: Base-Atom
Badaga	Ninety nine	tom-bəttɪ om-bəttu	tom-bəttɪ om-bəttu	9*10+(1-10)		Base Decimal
Badaga	Hundred	nu:ru	nu:ru	100		
Badaga	Thousand	sɑʋerɑ	sɑʋerɑ	1000		
Badaga	Lakh	ləččʰɑ	ləččʰɑ			
Badaga	Crore	koɖɪ	koɖɪ			
Badaga	Million	-	-			
Badaga	Billion	-	-			
Badaga	One hundred/ hundred	ondu nu:ru	ondu nu:ru	1*100		Atom-Base
Badaga	Two hundred	erəɖu nu:ru	erəɖu nu:ru	2*100		
Badaga	Three hundred	mu:ru nu:ru / munnuru	mu:ru nu:ru / munnuru	3*100		
Badaga	Four hundred	nɑnu:ru	nɑnu:ru	4*100		
Badaga	Five hundred	əinu:ru	əinu:ru	5*100		
Badaga	Six hundred	ɑrn:uru	ɑrn:uru	6*100		
Badaga	One thousand/ thousand	ondu (sɑʋerɑ)	ondu (sɑʋerɑ)	1000/1*1000		
Badaga	Two thousand	erəɖu sɑʋerɑ	erəɖu sɑʋerɑ	2*1000		
Badaga	Three thousand	mu:ru sɑʋerɑ	mu:ru sɑʋerɑ	3*1000		
Badaga	Four thousand	nɑ:ku sɑʋerɑ	nɑ:ku sɑʋerɑ	4*1000		
Badaga	Five thousand	əidu sɑʋerɑ	əidu sɑʋerɑ	5*1000		
Badaga	Six thousand	ɑ:ru sɑʋerɑ	ɑ:ru sɑʋerɑ	6*1000		
Badaga	Two hundred twenty one	erə-nu:rɑ ippətɪ ondu	erənu:rɑ ippətɪ ondu	2*100+20+1		
Badaga	Five hundred six	əi-nu:rɑ ɑ:ru	əinu:rɑ ɑ:ru	5*100+6		
Badaga	Three thousand forty eight	mu:ru sɑʋerdɑ nələʋəttɪ eʈʈʊ	mu:ru sɑʋerdɑ nələʋəttɪ eʈʈʊ	3*1000+40+8		
Badaga	Six thousand nine hundred	ɑ:ru sɑʋerdɑ ombe-nu:ru	ɑ:ru sɑʋerdɑ ombenu:ru	6*1000+9*100		
Badaga	Seven thousand four hundred twenty two	i:ju sɑʋerdɑ nɑ-nu:rɑ ippətɪ erəɖu	i:ju sɑʋerdɑ nɑnu:rɑ ippətɪ erəɖu	7*1000+4*100+70+2		
Badaga	Six thousand eight	ɑ:ru sɑʋerdɑ eʈʈu	ɑ:ru sɑʋerdɑ eʈʈu	6*1000+8		
Badaga	One boy.	ondu kusu	ondu kusu			Num-N
Badaga	Two boys.	erəɖu kunnʋe	erəɖu kunnʋe			Pl marked
Badaga	One sheep.	ondu kuriɑɖu	ondu kuriɑɖu			
Badaga	Five sheep.	əidu kuriɑɖuɡə	əidu kuriɑɖuɡə			
Badaga	One girl.	ondu herno	ondu herno			
Badaga	Two girls.	erəɖu hẽɡɑ	erəɖu hẽɡɑ			
Badaga	Three girls.	mu:ru hẽɡɑ	mu:ru hẽɡɑ			
Badaga	Eight trees	eʈʈu morɑɡə	eʈʈu morɑɡə			
Badaga	One tree.	ondu morɑ	ondu morɑ			
Badaga	I have one brother	enkɑ ondu ənnɑ	enkɑ ondu ənnɑ			
Badaga	I have two brothers	enkɑ erɖu ənna tommərdɑrə	enkɑ erɖu ənna tommərdɑrə			
Badaga	I have one sister	enkɑ ondu əkkɑ iddvɛ	enkɑ ondu əkkɑ iddvɛ			
Badaga	I have two sisters	enkɑ erɖu əkkɑ iddɑre	enkɑ erɖu əkkɑ iddɑre			
Badaga	I have three sisters.	enkɑ mu:ru əkkɑ iddɑre	enkɑ mu:ru əkkɑ iddɑre			
Badaga	I have one almirah.	enkɑ ondu əlmɑri əɽdɛ	enkɑ ondu əlmɑri əɽdɛ			
Badaga	I have two almirahs.	enkɑ erəɖu əlmɑri əɽdɛ	enkɑ erəɖu əlmɑri əɽdɛ			
Badaga	I have one bag	enkɑ/ennəsɑre ondu šɪrə əɽdɛ	enkɑ/ennəsɑre ondu šɪrə əɽdɛ			
Badaga	I have three bags	enkɑ/ennəsɑre mu:ru šɪrə əɽdɛ	enkɑ/ennəsɑre mu:ru šɪrə əɽdɛ			
Badaga	I have four bags	enkɑ/ennəsɑre nɑ:ku šɪrə əɽdɛ	enkɑ/ennəsɑre nɑ:ku šɪrə əɽdɛ			
Badaga	First man.	ondɑ-ʋədu mənɪsɑ	ondɑ-ʋədu mənɪsɑ			Ord-Num
Badaga	Second man.	erəɖɑ-ʋədu mənɪsɑ	erəɖɑ-ʋədu mənɪsɑ			
Badaga	Third man.	mu:rɑ-ʋədu mənɪsɑ	mu:rɑ-ʋədu mənɪsɑ			
Badaga	Forth man.	nɑ:kɑ-ʋədu mənɪsɑ	nɑ:kɑ-ʋədu mənɪsɑ			
Badaga	Fifth man.	əidɑ-ʋədu mənɪsɑ	əidɑ-ʋədu mənɪsɑ			
Badaga	First woman	ondɑ-ʋədu himmɑtɪ	ondɑ-ʋədu himmɑtɪ			
Badaga	Second woman	erəɖɑ-ʋədu himmɑtɪ	erəɖɑ-ʋədu himmɑtɪ			
Badaga	Third woman	mu:rɑ-ʋədu himmɑtɪ	mu:rɑ-ʋədu himmɑtɪ			
Badaga	Forth woman	nɑ:kɑ-ʋədu himmɑtɪ	nɑ:kɑ-ʋədu himmɑtɪ			
Badaga	Fifth woman	əidɑ-ʋədu himmɑtɪ	əidɑ-ʋədu himmɑtɪ			
Badaga	Sixth woman	ɑ:rɑ-ʋədu himmɑtɪ	ɑ:rɑ-ʋədu himmɑtɪ			
Badaga	Seventh boy	i:jɑ-ʋədu kusu	i:jɑ-ʋədu kusu			
Badaga	Eighth girl.	eʈʈɑ-ʋədu herno	eʈʈɑ-ʋədu herno			
Badaga	A single word comes to mind.	ondu ʋɑtɛ enɡɑ kenə bəndrɑ	ondu ʋɑtɛ enɡɑ kenə bəndrɑ			Collective
Badaga	Two pair of socks	erəɖu ǰoɖɪ sɔcks	erəɖu ǰoɖɪ sɔcks			
Badaga	Pair of socks are lying here	ondu ǰoɖɪ sɔks elli ərde	ondu ǰoɖɪ sɔks elli ərde			
Badaga	I went there dozen of times.	-	-			
Badaga	I bought half a dozen eggs.	-	-			
Badaga	wait for a couple of minutes	siit/dosi ǰama nillo	siit/dosi ǰama nillo			
Badaga	Only/ One	ondɛ ondu	ondɛ ondu			Restrictive
Badaga	Only two	erəɖɛ eɖɑ	erəɖɛ eɖɑ			Partial Reduplication
Badaga	Only three	mu:rɛ mu:ru	mu:rɛ mu:ru			
Badaga	Only five	əidɛ əidu	əidɛ əidu			
Badaga	Only ten	ɑttɛ ɑttu	ɑttɛ ɑttu			
Badaga	There is only one child	əllijoɡe onde ond pustɛ hiddərɛ	əllijoɡe onde ond pustɛ hiddərɛ			
Badaga	He ate only four mangoes	əmɑ nɑ:ke nɑ:ku mɑʋorno sid ǰəne	əmɑ nɑ:ke nɑ:ku mɑʋorno sid ǰəne			
Badaga	I went there once.	nɑ ondu tirku ǰənɑ əlliɡɑ odɛ	nɑ ondu tirku ǰənɑ əlliɡɑ odɛ			Frequentative
Badaga	Twice	erəɖu tirku odɛ	erəɖu tirku odɛ			Lexical
Badaga	Thrice	mu:ru tirku odɛ	mu:ru tirku odɛ			
Badaga	Many times	əprɑ tirku odɛ	əprɑ tirku odɛ			
Badaga	Several times	-	-			
Badaga	I sometimes do that.	ondən tirku ədnɑ mɑɖinɛ	ondən tirku ədnɑ mɑɖinɛ			
Badaga	I often travel.	əprɑ travel mɑɖinɛ	əprɑ travel mɑɖinɛ			
Badaga	He always fights.	imɑ heɡu noɖjulu səndhyɑ kinɑ	imɑ heɡu noɖjulu səndhyɑ kinɑ			
Badaga	She seldom goes out.	əʋɑ hɑtəɡɑ orɑ sopə dillɛ	əʋɑ hɑtəɡɑ orɑ sopə dillɛ			
Badaga	Approximately 20 kilos of rice are in the sack.	sumɑrɑ ippətu kilo mɑke əkkɪ i sɑkʰ doɡe hərdɛ	ippətu kilo mɑke əkkɪ i sɑkʰ doɡe hərdɛ			Approximatives
Badaga	Approximately 50% of students are attending the workshop.	heɡdesʋɑ həɪʋəttu pəsən kunvɛ i ʋərkshɔpɑ həʈenmɑɖʋɑ	heɡdesʋɑ həɪʋəttu pəsən kunvɛ i ʋərkshɔpɑ həʈenmɑɖʋɑ			Lexical
Badaga	Approximately fifteen kilos of rice are in the sack.	sumɑrɑ ədnəid kilo əkkɪ i sɑkʰ doɡe hərdɛ	sumɑrɑ ədnəid kilo əkkɪ i sɑkʰ doɡe hərdɛ			
Badaga	Approximately 2/3rd members are left.	-	-			
Badaga	This institute contains approximately 1000 students.	i pərliʈuɡɛ sumɑrɑ sɑʋerɑ kunvɛ hiddɑrɛ	i pərliʈuɡɛ sumɑrɑ sɑʋerɑ kunvɛ hiddɑrɛ			
Badaga	Approximately 35 kilos of rice are in the sack.	sumɑrɑ muəttɪəidu kɪlo əkkɪ i sɑkʰ doɡe hərdɛ	sumɑrɑ muəttɪəidu kɪlo əkkɪ i sɑkʰ doɡe hərdɛ			
Badaga	A group of two girls played.	-	-			No Aggregatives
Badaga	A group of five girls played.	-	-			
Badaga	A group of four girls played.	-	-			
Badaga	A group of twelve boys reached.	-	-			
Badaga	A group of twenty five boys reached.	-	-			
Badaga	A group of twenty boys reached.	-	-			
Badaga	First	ondɑ-ʋədu	ondɑ-ʋədu			Suffixal Ordinals
Badaga	Second	erəɖɑ-ʋədu	erəɖɑ-ʋədu			
Badaga	Third	mu:rɑ-ʋədu	mu:rɑ-ʋədu			
Badaga	Fourth	nɑ:kɑ-ʋədu	nɑ:kɑ-ʋədu			
Badaga	Fifth	əidɑ-ʋədu	əidɑ-ʋədu			
Badaga	Sixth	ɑ:rɑ-ʋədu	ɑ:rɑ-ʋədu			
Badaga	Seventh	i:jɑ-ʋədu	i:jɑ-ʋədu			
Badaga	Eighth	eʈʈɑ-ʋədu	eʈʈɑ-ʋədu			
Badaga	Nineth	om-bəttɑ-ʋədu	om-bəttɑ-ʋədu			
Badaga	Tenth	həttɑ-ʋədu	həttɑ-ʋədu			
Badaga	Eleventh	ən-ondɑ-ʋədu	ən-ondɑ-ʋədu			
Badaga	Twelvth	ən-erəɖɑ-ʋədu	ən-erəɖɑ-ʋədu			
Badaga	Thirteenth	ədi-mu:rɑ-ʋədu	ədi-mu:rɑ-ʋədu			
Badaga	Fourteenth	ədi-nɑ:kɑ-ʋədu	ədi-nɑ:kɑ-ʋədu			
Badaga	Fifteenth	ədn-əidɑ-ʋədu	ədn-əidɑ-ʋədu			
Badaga	Sixteenth	ədn-ɑ:rɑ-ʋədu	ədn-ɑ:rɑ-ʋədu			
Badaga	Seventeenth	ədr-i:jɑ-ʋədu	ədr-i:jɑ-ʋədu			
Badaga	Eighteenth	ədər-eʈʈɑ-ʋədu	ədər-eʈʈɑ-ʋədu			
Badaga	Nineteenth	ət-om-bəttɑ-uʋədu	ət-om-bəttɑ-uʋədu			
Badaga	Twentyth	ippətɑ-ʋədu	ippətɑ-ʋədu			
Badaga	Twenty first	ippətɪ ondɑ-ʋədu	ippətɪ ondɑ-ʋədu			
Badaga	Twenty second	ippətɪ erəɖɑ-ʋədu	ippətɪ erəɖɑ-ʋədu			
Badaga	I am in twenty eighth floor.	nɑ ippətɪ eʈʈɑ-ʋədu mɑɖɪjoge hidde	nɑ ippətɪ eʈʈɑ-ʋədu mɑɖɪjoge hidde			
Badaga	Hundredth part.	nurɑ-ʋədu bɑɡə	nurɑ-ʋədu bɑɡə			
Badaga	One hundred and twenty-first	nu:rɑ ippətɪ ondɑ-ʋədu	nu:rɑ ippətɪ ondɑ-ʋədu			
Badaga	The twenty-first man.	ippəti ondɑ-ʋədu mənisɑ	ippəti ondɑ-ʋədu mənisɑ			
Badaga	I met him once.	nɑ əmənɑ ondu tirku kənɖe	nɑ əmənɑ ondu tirkutəh kənɖe			Multiplicatives
Badaga	I met him twice.	nɑ əmənɑ erəɖu tirku kənɖe	nɑ əmənɑ erəɖu tirku kənɖe			Lexical
Badaga	I met him thrice.	nɑ əmənɑ mu:ru tirku kənɖe	nɑ əmənɑ mu:ru tirku kənɖe			
Badaga	I met him forth time.	nɑ əmənɑ nɑ:ku tirku kənɖe	nɑ əmənɑ nɑ:ku tirku kənɖe			
Badaga	I called her nine times.	nɑ əʋənɑ ombəttɪ tɪrku korside	nɑ əʋənɑ ombəttɪ tɪrku korside			
Badaga	I called him twenty five times.	nɑ əmənɑ ippətɪ əɪdu tɪrku korside	nɑ əmənɑ ippətɪ əɪdu tɪrku korside			
Badaga	I called her fifteen times.	nɑ əʋənɑ ədnəɪdu tɪrku korside	nɑ əʋənɑ ədnəɪdu tɪrku korside			
Badaga	I ate 1/2 of the Pizza.	ɑdɪ pɪzzəʋɑ nɑ tɪnde	ɑdɪ pɪzzəʋɑ nɑ tɪnde			Sx, Cx
Badaga	I ate 2/3 of the Pizza.	-	-			
Badaga	I read 3/4 of the book.	mukkɑl-bɑɡə bukkɑ ho dittɛ	mukkɑl-bɑɡə bukkɑ ho dittɛ			Common Fractions
Badaga	I read 1/4 of the book.	kɑ:l-bɑɡə bukkɑ nɑ odittɛ	kɑ:l-bɑɡə bukkɑ nɑ odittɛ			
Badaga	I ate 1/5 of the Pizza.	-	-			No transcribed fraction
Badaga	I read 2/7 of the book.	-	-			
Badaga	I read 3/7 of the book.	-	-			
Badaga	I read 3/5 of the book.	-	-			
Badaga	I ate 2/6 of the Pizza.	-	-			
Badaga	I ate 1/16 of thr pizza.	-	-			
Badaga	I read 1/10 part of the book.	-	-			
Badaga	One each	ond ondu	ond ondu			Distributives
Badaga	Three each	mu:r mu:ru	mu:r mu:ru			Reduplication
Badaga	Five each	əid əidu	əid əidu			
Badaga	one-by-one	obəbbɑ	obəbbɑ			
Badaga	two-by-two	erɖərɖɑ	erɖərɖɑ			
Ho	One	mi-jəɖ	mi-jəɖ	1	-jəɖ' is Classifier	
Ho	Two	bər-ijə	bər-ijə	2	-ijə' is Classifier	
Ho	Three	əpe-ijə	əpe-ijə	3		
Ho	Four	upun-ijə	upun-ijə	4		
Ho	Five	mo-ijə	mo-ijə	5		
Ho	Six	turu-ijə	turu-ijə	6		
Ho	Seven	ə-ijə	ə-ijə	7		
Ho	Eight	irl-ijə	irl-ijə	8		
Ho	Nine	ər-ijə	ər-ijə	9		No. of atoms: 9
Ho	Ten	ɡel-ijə	ɡel-ijə	10		
Ho	Eleven	ɡel-mi-jəɖ	ɡel-mi-jəɖ	10+1		
Ho	Twelve	ɡel-bər-ijə	ɡel-bər-ijə	10+2		
Ho	Thirteen	ɡel-əpe-ijə	ɡel-əpe-ijə	10+3		
Ho	Fourteen	ɡel-upun-ijə	ɡel-upun-ijə	10+4		
Ho	Fifteen	ɡel-mo-ijə	ɡel-mo-ijə	10+5		
Ho	Sixteen	ɡel-turu-ijə	ɡel-turu-ijə	10+6		
Ho	Seventeen	ɡel-ə-ijə	ɡel-ə-ijə	10+7		
Ho	Eighteen	ɡel-irl-ijə	ɡel-irl-ijə	10+8		
Ho	Nineteen	ɡel-ər-ijə	ɡel-ər-ijə	10+9		
Ho	Twenty	hiši	hiši	20	Lexical	
Ho	Twenty One	hiši mi-jəɖ	hiši mi-jəɖ	20+1		
Ho	Twenty two	hiši bər-ijə	hiši bər-ijə	20+2		
Ho	Twenty three	hiši əpe-ijə	hiši əpe-ijə	20+3		
Ho	Twenty four	hiši upun-ijə	hiši upun-ijə	20+4		
Ho	Twenty five	hiši mo-ijə	hiši mo-ijə	20+5		
Ho	Twenty six	hiši turu-ijə	hiši turu-ijə	20+6		
Ho	Twenty seven	hiši ə-ijə	hiši ə-ijə	20+7		
Ho	Twenty eight	hiši irl-ijə	hiši irl-ijə	20+8		
Ho	Twenty nine	hiši ər-ijə	hiši ər-ijə	20+9		
Ho	Thirty	hiši ɡel-ijə	hiši ɡel-ijə	20+10		
Ho	Thirty one	hiši ɡel mi-jəɖ	hiši ɡel mi-jəɖ	20+10+1		
Ho	Thirty two	hiši ɡel bər-ijə	hiši ɡel bər-ijə	20+10+2		
Ho	Thirty three	hiši ɡel əpe-ijə	hiši ɡel əpe-ijə	20+10+3		
Ho	Thirty four	hiši ɡel upun-ijə	hiši ɡel upun-ijə	20+10+4		
Ho	Thirty five	hiši ɡel moi-jə	hiši ɡel moi-jə	20+10+5		
Ho	Thirty six	hiši ɡel turu-ijə	hiši ɡel turu-ijə	20+10+6		
Ho	Thirty seven	hiši ɡel ə-ijə	hiši ɡel ə-ijə	20+10+7		
Ho	Thirty eight	hiši ɡel irl-ijə	hiši ɡel irl-ijə	20+10+8		
Ho	Thirty nine	hiši ɡel ər-ijə	hiši ɡel ər-ijə	20+10+9		
Ho	Forty	bər hiši	bər hiši	2*20		
Ho	Forty one	bər hiši mi-jəɖ	bər hiši mi-jəɖ	2*20+1/40+1		
Ho	Forty two	bər hiši bər-ijə	bər hiši bər-ijə	2*20+2		
Ho	Forty three	bər hiši əpe-ijə	bər hiši əpe-ijə	2*20+3		
Ho	Forty four	bər hiši upun-ijə	bər hiši upun-ijə	2*20+4		
Ho	Forty five	bər hiši mo-ijə	bər hiši mo-ijə	2*20+5		
Ho	Forty six	bər hiši turu-ijə	bər hiši turu-ijə	2*20+6		
Ho	Forty seven	bər hiši ə-ijə	bər hiši ə-ijə	2*20+7		
Ho	Forty eight	bər hiši irl-ijə	bər hiši irl-ijə	2*20+8		
Ho	Forty nine	bər hiši ər-ijə	bər hiši ər-ijə	2*20+9		
Ho	Fifty	bər hiši ɡel-ijə	bər hiši ɡel-ijə	2*20+10/40+10		
Ho	Fifty one	bər hiši ɡel mi-jəɖ	bər hiši ɡel mi-jəɖ	2*20+10+1		
Ho	Fifty two	bər hiši ɡel bər-ijə	bər hiši ɡel bər-ijə	2*20+10+2		
Ho	Fifty three	bər hiši ɡel əpe-ijə	bər hiši ɡel əpe-ijə	2*20+10+3		
Ho	Fifty four	bər hiši ɡel upun-ijə	bər hiši ɡel upun-ijə	2*20+10+4		
Ho	Fifty five	bər hiši ɡel mo-ijə	bər hiši ɡel mo-ijə	2*20+10+5		
Ho	Fifty six	bər hiši ɡel turu-ijə	bər hiši ɡel turu-ijə	2*20+10+6		
Ho	Fifty seven	bər hiši ɡel ə-ijə	bər hiši ɡel ə-ijə	2*20+10+7		
Ho	Fifty eight	bər hiši ɡel irl-ijə	bər hiši ɡel irl-ijə	2*20+10+8		
Ho	Fifty nine	bər hiši ɡel ər-ijə	bər hiši ɡel ər-ijə	2*20+10+9		
Ho	Sixty	əpe hiši	əpe hiši	3*20		
Ho	Sixty one	əpe hiši mi-jəɖ	əpe hiši mi-jəɖ	3*20+1		
Ho	Sixty two	əpe hiši bər-ijə	əpe hiši bər-ijə	3*20+2		
Ho	Sixty three	əpe hiši əpe-ijə	əpe hiši əpe-ijə	3*20+3		
Ho	Sixty four	əpe hiši upun-ijə	əpe hiši upun-ijə	3*20+4		
Ho	Sixty five	əpe hiši mo-ijə	əpe hiši mo-ijə	3*20+5		
Ho	Sixty six	əpe hiši turu-ijə	əpe hiši turu-ijə	3*20+6		
Ho	Sixty seven	əpe hiši ə-ijə	əpe hiši ə-ijə	3*20+7		
Ho	Sixty eight	əpe hiši irl-ijə	əpe hiši irl-ijə	3*20+8		
Ho	Sixty nine	əpe hiši ər-ijə	əpe hiši ər-ijə	3*20+9		
Ho	Seventy	əpe hiši ɡel-ijə	əpe hiši ɡel-ijə	3*20+10/60+10		
Ho	Seventy one	əpe hiši ɡel mi-jəɖ	əpe hiši ɡel mi-jəɖ	3*20+10+1		
Ho	Seventy two	əpe hiši ɡel bər-ijə	əpe hiši ɡel bər-ijə	3*20+10+2		
Ho	Seventy three	əpe hiši ɡel əpe-ijə	əpe hiši ɡel əpe-ijə	3*20+10+3		
Ho	Seventy four	əpe hiši ɡel upun-ijə	əpe hiši ɡel upun-ijə	3*20+10+4		
Ho	Seventy five	əpe hiši ɡel mo-ijə	əpe hiši ɡel mo-ijə	3*20+10+5		
Ho	Seventy six	əpe hiši ɡel turu-ijə	əpe hiši ɡel turu-ijə	3*20+10+6		
Ho	Seventy seven	əpe hiši ɡel ə-ijə	əpe hiši ɡel ə-ijə	3*20+10+7		
Ho	Seventy eight	əpe hiši ɡel irl-ijə	əpe hiši ɡel irl-ijə	3*20+10+8		
Ho	Seventy nine	əpe hiši ɡel ər-ijə	əpe hiši ɡel ər-ijə	3*20+10+9		
Ho	Eighty	upun hiši	upun hiši	4*20		
Ho	Eighty one	upun hiši mi-jəɖ	upun hiši mi-jəɖ	4*20+1		
Ho	Eighty two	upun hiši bər-ijə	upun hiši bər-ijə	4*20+2		
Ho	Eighty three	upun hiši əpe-ijə	upun hiši əpe-ijə	4*20+3		
Ho	Eighty four	upun hiši upun-ijə	upun hiši upun-ijə	4*20+4		
Ho	Eighty five	upun hiši mo-ijə	upun hiši mo-ijə	4*20+5		
Ho	Eighty six	upun hiši turu-ijə	upun hiši turu-ijə	4*20+6		
Ho	Eighty seven	upun hiši ə-ijə	upun hiši ə-ijə	4*20+7		
Ho	Eighty eight	upun hiši irl-ijə	upun hiši irl-ijə	4*20+8		
Ho	Eighty nine	upun hiši ər-ijə	upun hiši ər-ijə	4*20+9		
Ho	Ninety	upun hiši ɡel-ijə	upun hiši ɡel-ijə	4*20+10/80+10		
Ho	Ninety one	upun hiši ɡel mi-jəɖ	upun hiši ɡel mi-jəɖ	4*20+10+1		
Ho	Ninety two	upun hiši ɡel bər-ijə	upun hiši ɡel bər-ijə	4*20+10+2		
Ho	Ninety three	upun hiši ɡel əpe-ijə	upun hiši ɡel əpe-ijə	4*20+10+3		
Ho	Ninety four	upun hiši ɡel upun-ijə	upun hiši ɡel upun-ijə	4*20+10+4		
Ho	Ninety five	upun hiši ɡel mo-ijə	upun hiši ɡel mo-ijə	4*20+10+5		
Ho	Ninety six	upun hiši ɡel turu-ijə	upun hiši ɡel turu-ijə	4*20+10+6		
Ho	Ninety seven	upun hiši ɡel ə-ijə	upun hiši ɡel ə-ijə	4*20+10+7		
Ho	Ninety eight	upun hiši ɡel irl-ijə	upun hiši ɡel irl-ijə	4*20+10+8		Base-Atom
Ho	Ninety nine	upun hiši ɡel ər-ijə	upun hiši ɡel ər-ijə	4*20+10+9		
Ho	Hundred	mi sɔ	mi sɔ	1*100		Vigesimal system
Ho	Hundred	bənɖre	bənɖre	100		
Ho	Hundred	mo-ije hiši	mo-ije hiši	5*20		
Ho	Thousand	ɖɑkɑ	ɖɑkɑ	1000		
Ho	Thousand	həzɑr	həzɑr	1000		
Ho	Lakh	ɖuməŋ	ɖuməŋ	100000		
Ho	Crore	-	-	-		
Ho	Million	-	-	-		
Ho	Billion	-	-	-		
Ho	One hundred/ hundred	mi sɔ	mi sɔ	1*100		
Ho	Two hundred	bər sɔ	bər sɔ	2*100		
Ho	Three hundred	əpe sɔ	əpe sɔ	3*100		
Ho	Four hundred	upun sɔ	upun sɔ	4*100		
Ho	Five hundred	moj sɔ	moj sɔ	5*100		
Ho	Six hundred	turui sɔ	turui sɔ	6*100		
Ho	One thousand/ thousand	mi həzɑr	mi həzɑr	1*1000		
Ho	Two thousand	bər həzɑr	bər həzɑr	2*1000		
Ho	Three thousand	əpe həzɑr	əpe həzɑr	3*1000		
Ho	Four thousand	upun həzɑr	upun həzɑr	4*1000		
Ho	Five thousand	moj həzɑr	moj həzɑr	5*1000		
Ho	Six thousand	turui həzɑr	turui həzɑr	6*1000		
Ho	Two hundred twenty one	bər sɔ hisi mi-jəd	bər sɔ hisi mi-jəd	2*100+20+1		
Ho	Five hundred six	moj sɔ turu-ije	moj sɔ turu-ije	5*100+6		
Ho	Three thousand forty eight	əpe həzɑr bər hisi	əpe həzɑr bər hisi irl-ijə	3*1000+2*20+8		
Ho	Six thousand nine hundred	turu-ij ehəzɑr əre sɔ	turu-ij ehəzɑr əre sɔ	6*1000+9*100		
Ho	Seven thousand four hundred twenty two	əije həzɑr upun sɔ hisi mi-jəd	əije həzɑr upun sɔ hisi mi-jəd	7*1000+4*100+20+2		
Ho	Six thousand eight	turu-ije həzɑr iril	turu-ije həzɑr iril	6*1000+8		
Ho						
Ho	One boy.	mi-jəd kuɑhon	mi-jəd kuɑhon			Num-N
Ho	Two boys.	bər-ijə kuɑhon kiŋ	bər-ijə kuɑhon kiŋ			Pl marked
Ho	One sheep.	mi-jəd minɖi	mi-jəd minɖi			
Ho	Five sheep.	mo-ije minɖi ko	mo-ije minɖi ko			
Ho	One girl.	mi-jəd kuihon	mi-jəd kuihon			
Ho	Two girls.	bər-ijə kuihon kiŋ	bər-ijə kuihon kiŋ			
Ho	Three girls.	əpe-ijə kuihon ko	əpe-ijə kuihon ko			
Ho	Eight trees	irəl-ije dɑru ko	irəl-ije dɑru ko			
Ho	One tree.	mi-jəd dɑru	mi-jəd dɑru			
Ho	I have one brother	ɑjɑ mi-jəd bɑre(brother) minɑje	ɑjɑ mi-jəd bɑre(brother) minɑje			
Ho	I have two brothers	ɑjɑ bər-ije bɑre-kiŋ minɑ kiŋe	ɑjɑ bər-ije bɑre-kiŋ minɑ kiŋe			
Ho	I have one sister	ɑjɑ mi-jəd miši(sister) minɑie	ɑjɑ mi-jəd miši(sister) minɑie			
Ho	I have two sisters	ɑjɑ bər-ije mišikui kim inɑ kiŋe	ɑjɑ bər-ije mišikui kim inɑ kiŋe			
Ho	I have three sisters.	ɑjɑ upun-ije mišikui ki minɑ kuɑ	ɑjɑ upun-ije mišikui ki minɑ kuɑ			
Ho	I have one almirah.	əntɑre mi-jəd əlmirə minɑ	əntɑre mi-jəd əlmirə minɑ			
Ho	I have two almirahs.	əntɑre bər-ijə əlmirə minɑ	əntɑre bər-ijə əlmirə minɑ			
Ho	I have one bag	əntɑre mi-jəd buɡli(bɑg) minɑ	əntɑre mi-jəd buɡli(bɑg) minɑ			
Ho	I have three bags	əntɑre əpe-ijə buɡli minɑ	əntɑre əpe-ijə buɡli minɑ			
Ho	I have four bags	əntɑre upun-ijə buɡli minə	əntɑre upun-ijə buɡli minə			
Ho	First man.	ɑerɑ ho(man)	ɑerɑ ho(man)			Suppletion
Ho	Second man.	dusər ho	dusər ho			Borrowed
Ho	Third man.	-	-			Restricted Ordinal
Ho	Forth man.	-	-			
Ho	Fifth man.	-	-			
Ho	First woman	ɑerɑ erɑ	ɑerɑ erɑ			
Ho	Second woman	dusər erɑ	dusər erɑ			
Ho	Third woman	-	-			
Ho	Forth woman	-	-			
Ho	Fifth woman	-	-			
Ho	Sixth woman	-	-			
Ho	Seventh boy	-	-			
Ho	Eighth girl.	-	-			
Ho						
Ho	A single word comes to mind.	ənjɑ moloŋ(mind) re mi-jəd səbdə huǰu(to come) jene	ənjɑ moloŋ(mind) re mi-jəd səbdə huǰu(to come) jene			Collective
Ho	Two pair of socks	mi ǰoɖɑ moǰɑ	mi ǰoɖɑ moǰɑ			Lexical
Ho	Pair of socks are lying here	mi ǰoɖɑ moǰɑ nintɑre(here) imɑkɑnɑ	mi ǰoɖɑ moǰɑ nintɑre(here) imɑkɑnɑ			
Ho	I went there dozen of times.	ən intɑ ɡelbər-dunəŋ(12 times) sinɑkɑnɑ	ən intɑ ɡelbər-dunəŋ(12 times) sinɑkɑnɑ			
Ho	I bought half a dozen eggs.	turuiije simǰərəmən kirəŋkiɖɑ	turuiije simǰərəmən kirəŋkiɖɑ			
Ho	wait for a couple of minutes	mi'čoʈ(for a while) təŋiŋme	mi'čoʈ(for a while) təŋiŋme			
Ho						
Ho	Only/ One	mi-jəd ɡe(only)	mi-jəd ɡe(only)			Restrictive
Ho	Only two	bər-ije ɡe	bər-ije ɡe			Lexical
Ho	Only three	əpe-ije ɡe	əpe-ije ɡe			
Ho	Only five	mo-ije ɡe	mo-ije ɡe			
Ho	Only ten	ɡel-ijɑ ɡe	ɡel-ijɑ ɡe			
Ho	There is only one child	entɑ re mi-jəd hon suəɖ(alone) minɑije	entɑ re mi-jəd hon suəɖ(alone) minɑije			
Ho	He ate only four mangoes	əje upun-ije uliɡe ǰom keɖɑ	əje upun-ije uliɡe ǰom keɖɑ			
Ho						
Ho	I went there once.	ən intɑ mi-siɡin sinɑ kɑnɑ	ən intɑ mi-siɡin sinɑ kɑnɑ			Frequentative
Ho	Twice	ən intɑ bər-dunɑin sinɑ kɑnɑ	ən intɑ bər-dunɑin sinɑ kɑnɑ			Lexical
Ho	Thrice	ən əpe-ən sinɑ kɑnɑ	ən əpe-ən sinɑ kɑnɑ			
Ho	Many times	eso dunə	eso dunə			
Ho	Several times	eso dunə	eso dunə			
Ho	I sometimes do that.	ən jə misə misə əiʈijə	ən jə misə misə əiʈijə			
Ho	I often travel.	ən misə misə honorɑ(travel)	ən misə misə honorɑ(travel)			
Ho	He always fights.	ini səbin-imtəɡə(all the time) təpəm ɡəjɑ	ini səbin-imtəɡə(all the time) təpəm ɡəjɑ			
Ho	She seldom goes out.	ini eso misə misə ɡe	ini eso misə misə ɡe			
Ho						
Ho	Approximately 20 kilos of rice are in the sack.	hisi kilo ləɡɑləɡi čɑuli bostɑre minə	hisi kilo ləɡɑləɡi čɑuli bostɑre minə			Approximatives
Ho	Approximately 50% of students are attending the workshop.	nen ʋərkʃop re pəcɑs prətisət ləɡɑləɡi honko hitəɖ kudubə(attend) kənə	nen ʋərkʃop re pəcɑs prətisət ləɡɑləɡi honko hitəɖ kudubə(attend) kənə			Lexical
Ho	Approximately fifteen kilos of rice are in the sack.	ɡel moj kilo ləɡɑləɡi čɑuli bostɑre minə	ɡel moj kilo ləɡɑləɡi čɑuli bostɑre minə			
Ho	Approximately 2/3rd members are left.	-	-			
Ho	This institute contains approximately 1000 students.	nen sənstʰɑn re pəʈue-ko(students) ɖɑkɑ(thousand) ləɡɑləɡi minɑkuɑ	nen sənstʰɑn re pəʈue-ko(students) ɖɑkɑ(thousand) ləɡɑləɡi minɑkuɑ			
Ho	Approximately 35 kilos of rice are in the sack.	hiši ɡel mo-ijə kilo ləɡɑləɡi čɑuli bostɑre minə	hiši ɡel mo-ijə kilo ləɡɑləɡi čɑuli bostɑre minə			
Ho						
Ho	A group of two girls played.	bəro honkiŋ ɡoʈʰ ko inuŋ kinə	bəro(2) honkiŋ(small girls) ɡoʈʰ(group) ko inuŋ kinə			Aggregatives
Ho	A group of five girls played.	mo-ijə honkiŋ ɡoʈʰ ko inuŋ kinə	mo-ijə honkiŋ ɡoʈʰ ko inuŋ kinə			Lexical
Ho	A group of four girls played.	upun-ijə honkiŋ ɡoʈʰ ko inuŋ kinə	upun-ijə honkiŋ ɡoʈʰ ko inuŋ kinə			
Ho	A group of twelve boys reached.	ɡel bər-ijə ɡotʰ ren koɑhonko tibɑjənɑ(reached)	ɡel bər-ijə ɡotʰ ren koɑhonko tibɑjənɑ(reached)			
Ho	A group of twenty five boys reached.	hiši mo-ije henkojɑ ɡotʰ tibɑjənɑ	hiši mo-ije henkojɑ ɡotʰ tibɑjənɑ			
Ho	A group of twenty boys reached.	hiši henkojɡotʰ beʈbɑjənɑ	hiši henkojɡotʰ beʈbɑjənɑ			
Ho						
Ho	First	-	-			No Ordinals
Ho	Second	-	-			
Ho	Third	-	-			
Ho	Fourth	-	-			
Ho	Fifth	-	-			
Ho	Sixth	-	-			
Ho	Seventh	-	-			
Ho	Eighth	-	-			
Ho	Nineth	-	-			
Ho	Tenth	-	-			
Ho	Eleventh	-	-			
Ho	Twelvth	-	-			
Ho	Thirteenth	-	-			
Ho	Fourteenth	-	-			
Ho	Fifteenth	-	-			
Ho	Sixteenth	-	-			
Ho	Seventeenth	-	-			
Ho	Eighteenth	-	-			
Ho	Nineteenth	-	-			
Ho	Twentyth	-	-			
Ho	Twenty first	-	-			
Ho	Twenty second	-	-			
Ho	I am in twenty eighth floor.	-	-			
Ho	Hundredth part.	-	-			
Ho	One hundred and twenty-first	-	-			
Ho	The twenty-first man.	-	-			
Ho						
Ho	I met him once.	ən əil o mi-šəɡən miləʋə kənə	ən əil o mi-šəɡən miləʋə kənə			Multiplicatives
Ho	I met him twice.	ən əil o bər-dunən miləʋə kənə	ən əil o bər-dunən miləʋə kənə			Suffixal
Ho	I met him thrice.	ən əil o əpe-dunən miləʋə kənə	ən əil o əpe-dunən miləʋə kənə			
Ho	I met him forth time.	ən əil o upun-dunən miləʋə kənə	ən əil o upun-dunən miləʋə kənə			
Ho	I called her nine times.	ən əe əre-dunən kijə lie	ən əe əre-dunən kijə lie			
Ho	I called him twenty five times.	ən əe hiši mo-dunən kijə lie	ən əe hiši mo-dunən kijə lie			
Ho	I called her fifteen times.	ən əe ɡel mo-dunən kijə lie	ən əe ɡel mo-dunən kijə lie			
Ho						
Ho	I ate 1/2 of the Pizza.	mit' kičɑ/ɑdʰɑ pizzɑ ǰom kəɖɑ	mit' kičɑ/ɑdʰɑ pizzɑ ǰom kəɖɑ			Simplex fractions
Ho	I ate 2/3 of the Pizza.	-	-			
Ho	I read 3/4 of the book.	-	-			
Ho	I read 1/4 of the book.	upun kičɑ/hitəɖ	upun kičɑ/hitəɖ			Transcribed
Ho	I ate 1/5 of the Pizza.	moi kičɑ/hitəɖ	moi kičɑ/hitəɖ			
Ho	I read 2/7 of the book.	-	-			
Ho	I read 3/7 of the book.	-	-			
Ho	I read 3/5 of the book.	-	-			
Ho	I ate 2/6 of the Pizza.	-	-			
Ho	I ate 1/16 of thr pizza.	-	-			
Ho	I read 1/10 part of the book.	-	-			
Ho						
Ho	One each	mutiɖ hoko mi-jəd mi-jəd hɑʈiŋ əkoŋ	mutiɖ hoko mi-jəd mi-jəd hɑʈiŋ əkoŋ			Distributives
Ho	Three each	əpe-ije əpe-ije hɑtiŋ əkoŋ	əpe-ije əpe-ije hɑtiŋ əkoŋ			Reduplication
Ho	Five each	mo-ije mo-ije hɑtiŋ əkoŋ	mo-ije mo-ije hɑtiŋ əkoŋ			
Ho	one-by-one	minɖo minɖo te huǰupe	minɖo minɖo te huǰupe			
Ho	two-by-two	bəro bəro huǰupe	bəro bəro huǰupe			
